Image Name,R,G,B
ProjectdataIMG1.jpg,0.18835586413961805,0.486593622958964,0.3250505129014179
ProjectdataIMG2.jpg,0.13723136779855705,0.2864982544833834,0.5762703777180594
